Tag1,Tag2
outdoor,bench,traffic light,bench,bench,stop sign,traffic light,fire hydrant,bench,bench,bench,bench,fire hydrant,bench,traffic light,traffic light,traffic light,bench,stop sign,bench,traffic light,stop sign,bench,parking meter,parking meter,traffic light,bench,fire hydrant,bench,bench,traffic light,stop sign,stop sign,bench,traffic light,traffic light,bench,fire hydrant,traffic light,bench,bench,traffic light,traffic light,traffic light,bench,bench,bench,traffic light,traffic light,bench,bench,bench,bench,bench,fire hydrant,bench,stop sign,bench,bench,bench,bench,bench,traffic light,traffic light,bench,traffic light,parking meter,fire hydrant,stop sign,bench,traffic light,traffic light,traffic light,bench,bench,traffic light,fire hydrant,traffic light,traffic light,bench,bench,traffic light,bench,bench,bench,bench,bench,traffic light,bench,parking meter,bench,parking meter,bench,bench,traffic light,bench,fire hydrant,bench,bench,traffic light,bench,traffic light,parking meter,traffic light,fire hydrant,stop sign,traffic light,fire hydrant,stop sign,bench,traffic light,bench,traffic light,traffic light,bench,traffic light,bench,traffic light,traffic light,traffic light,bench,traffic light,fire hydrant,parking meter,bench,bench,bench,fire hydrant,stop sign,fire hydrant,bench,stop sign,fire hydrant,traffic light,bench,bench,bench,bench,bench,bench,traffic light,fire hydrant,bench,bench,bench,parking meter,stop sign,bench,bench,traffic light,bench,bench,bench,bench,bench,stop sign,traffic light,stop sign,traffic light,bench,traffic light,stop sign,parking meter,traffic light,bench,fire hydrant,stop sign,bench,traffic light,parking meter,bench,fire hydrant,stop sign,bench,bench,fire hydrant,fire hydrant,bench,traffic light,fire hydrant,fire hydrant,bench,stop sign,traffic light,bench,fire hydrant,traffic light,traffic light,stop sign,bench,bench,traffic light,bench,fire hydrant,fire hydrant,stop sign,parking meter,stop sign,stop sign,bench,bench,bench,fire hydrant,bench,stop sign,traffic light,traffic light,traffic light,traffic light,bench,bench,bench,traffic light,bench,traffic light,traffic light,bench,traffic light,
food,carrot,donut,cake,sandwich,broccoli,carrot,carrot,broccoli,donut,carrot,donut,cake,broccoli,cake,donut,sandwich,pizza,cake,broccoli,broccoli,carrot,cake,pizza,pizza,hot dog,sandwich,broccoli,donut,banana,carrot,broccoli,broccoli,sandwich,banana,broccoli,carrot,banana,carrot,hot dog,pizza,sandwich,cake,sandwich,banana,apple,sandwich,orange,hot dog,hot dog,banana,pizza,cake,sandwich,hot dog,carrot,banana,hot dog,sandwich,pizza,donut,pizza,donut,broccoli,carrot,broccoli,apple,orange,banana,donut,cake,pizza,donut,apple,banana,cake,sandwich,cake,pizza,donut,sandwich,pizza,pizza,carrot,orange,banana,apple,carrot,broccoli,broccoli,carrot,broccoli,orange,cake,pizza,donut,broccoli,cake,apple,orange,banana,pizza,sandwich,donut,pizza,carrot,pizza,orange,pizza,sandwich,orange,cake,apple,cake,sandwich,orange,pizza,carrot,broccoli,pizza,cake,donut,pizza,hot dog,broccoli,sandwich,pizza,hot dog,pizza,cake,broccoli,cake,banana,donut,donut,pizza,banana,apple,cake,banana,broccoli,pizza,banana,cake,pizza,orange,donut,pizza,broccoli,donut,sandwich,carrot,pizza,sandwich,broccoli,cake,sandwich,sandwich,apple,sandwich,apple,cake,banana,sandwich,broccoli,hot dog,sandwich,cake,banana,cake,banana,apple,orange,hot dog,sandwich,broccoli,cake,banana,broccoli,carrot,apple,sandwich,sandwich,broccoli,banana,banana,apple,broccoli,banana,apple,cake,cake,apple,sandwich,broccoli,pizza,banana,apple,orange,donut,cake,sandwich,pizza,banana,cake,pizza,banana,orange,pizza,apple,broccoli,pizza,sandwich,orange,banana,sandwich,broccoli,carrot,donut,cake,banana,cake,banana,broccoli,carrot,pizza,sandwich,pizza,cake,apple,banana,donut,banana,hot dog,hot dog,cake,carrot,broccoli,orange,banana,apple,hot dog,sandwich,sandwich,sandwich,broccoli,carrot,apple,broccoli,pizza,orange,sandwich,hot dog,sandwich,sandwich,banana,cake,hot dog,pizza,pizza,carrot,orange,broccoli,cake,orange,carrot,cake,banana,apple,orange,banana,carrot,hot dog,broccoli,carrot,broccoli,carrot,donut,pizza,banana,orange,cake,orange,banana,pizza,banana,sandwich,hot dog,apple,orange,broccoli,donut,orange,sandwich,broccoli,carrot,cake,pizza,cake,hot dog,banana,apple,banana,pizza,broccoli,hot dog,pizza,broccoli,cake,orange,apple,cake,broccoli,carrot,orange,broccoli,carrot,pizza,hot dog,sandwich,pizza,hot dog,sandwich,pizza,broccoli,sandwich,banana,orange,carrot,cake,sandwich,donut,carrot,
indoor,book,clock,clock,book,teddy bear,clock,vase,teddy bear,book,clock,vase,vase,clock,clock,clock,vase,book,vase,book,clock,book,clock,clock,book,book,vase,clock,clock,clock,teddy bear,clock,vase,book,book,toothbrush,clock,book,teddy bear,clock,book,book,toothbrush,vase,book,book,scissors,teddy bear,book,clock,book,clock,teddy bear,teddy bear,clock,clock,clock,clock,clock,book,clock,vase,clock,vase,toothbrush,scissors,clock,vase,clock,clock,clock,book,clock,toothbrush,toothbrush,clock,clock,clock,vase,book,vase,book,vase,book,teddy bear,clock,book,book,clock,book,clock,teddy bear,vase,vase,scissors,vase,teddy bear,clock,clock,scissors,book,vase,vase,book,clock,teddy bear,clock,clock,book,clock,clock,book,book,book,book,vase,book,vase,book,book,clock,clock,clock,book,scissors,vase,book,teddy bear,book,clock,book,vase,teddy bear,book,vase,book,vase,vase,vase,book,vase,vase,clock,clock,teddy bear,vase,book,book,book,clock,book,clock,clock,book,scissors,clock,hair drier,book,clock,teddy bear,book,clock,vase,scissors,clock,book,teddy bear,clock,book,clock,clock,book,clock,teddy bear,clock,hair drier,clock,book,clock,book,book,clock,clock,teddy bear,vase,vase,book,clock,book,teddy bear,vase,book,toothbrush,hair drier,teddy bear,teddy bear,book,vase,clock,teddy bear,book,vase,book,toothbrush,book,teddy bear,clock,clock,toothbrush,vase,vase,clock,vase,book,teddy bear,book,book,teddy bear,book,clock,book,book,vase,clock,teddy bear,vase,book,vase,clock,vase,clock,scissors,clock,book,teddy bear,clock,scissors,toothbrush,scissors,vase,book,teddy bear,teddy bear,book,vase,clock,teddy bear,clock,vase,vase,clock,book,vase,clock,clock,book,clock,teddy bear,book,clock,teddy bear,book,book,book,book,vase,scissors,book,book,clock,vase,vase,book,clock,teddy bear,book,book,vase,vase,clock,clock,book,clock,toothbrush,book,clock,clock,clock,clock,book,teddy bear,book,book,scissors,clock,book,book,
appliance,refrigerator,microwave,refrigerator,refrigerator,microwave,oven,sink,microwave,sink,refrigerator,refrigerator,refrigerator,oven,refrigerator,sink,refrigerator,oven,sink,microwave,sink,oven,sink,refrigerator,oven,oven,sink,sink,oven,oven,refrigerator,oven,microwave,sink,sink,refrigerator,microwave,sink,refrigerator,oven,refrigerator,sink,refrigerator,sink,sink,refrigerator,oven,sink,refrigerator,oven,sink,oven,oven,refrigerator,refrigerator,sink,oven,microwave,toaster,sink,oven,oven,refrigerator,refrigerator,microwave,oven,sink,refrigerator,microwave,oven,oven,refrigerator,refrigerator,microwave,oven,sink,oven,microwave,refrigerator,microwave,sink,microwave,oven,sink,sink,oven,sink,oven,sink,refrigerator,microwave,oven,sink,refrigerator,oven,sink,sink,sink,refrigerator,sink,oven,microwave,refrigerator,sink,oven,sink,sink,sink,oven,oven,sink,sink,sink,refrigerator,refrigerator,refrigerator,sink,sink,refrigerator,refrigerator,oven,microwave,oven,refrigerator,sink,sink,oven,sink,sink,microwave,sink,oven,oven,sink,sink,oven,sink,oven,sink,sink,refrigerator,oven,refrigerator,sink,sink,refrigerator,microwave,sink,oven,refrigerator,oven,sink,refrigerator,sink,refrigerator,oven,sink,oven,microwave,refrigerator,toaster,sink,sink,refrigerator,refrigerator,refrigerator,oven,sink,sink,oven,sink,sink,refrigerator,sink,oven,sink,refrigerator,sink,sink,sink,sink,sink,microwave,oven,refrigerator,oven,refrigerator,refrigerator,sink,sink,oven,refrigerator,oven,sink,sink,sink,
kitchen,bowl,spoon,cup,wine glass,bottle,cup,bottle,bowl,bottle,wine glass,cup,bowl,bottle,bowl,spoon,bowl,fork,bottle,cup,bowl,bottle,cup,bowl,bowl,knife,bottle,bowl,cup,spoon,bottle,wine glass,spoon,fork,knife,bottle,spoon,bowl,cup,bottle,cup,bottle,bottle,bottle,cup,bottle,bottle,cup,bowl,wine glass,knife,spoon,cup,bowl,cup,fork,bottle,fork,bottle,knife,bowl,bottle,bottle,wine glass,cup,fork,knife,spoon,bowl,cup,spoon,knife,bowl,cup,knife,bowl,bowl,fork,bowl,bowl,bottle,knife,spoon,bottle,cup,bottle,knife,cup,bottle,spoon,bottle,bottle,bowl,fork,bottle,cup,wine glass,fork,bowl,bottle,spoon,knife,cup,fork,cup,cup,spoon,bottle,bowl,bottle,bottle,cup,bottle,cup,bottle,bottle,spoon,bowl,cup,bottle,wine glass,knife,bowl,fork,wine glass,cup,bowl,cup,bottle,bottle,cup,cup,wine glass,cup,cup,cup,wine glass,bowl,bottle,bottle,wine glass,cup,bottle,wine glass,cup,bowl,bowl,cup,knife,spoon,fork,bowl,bottle,fork,spoon,cup,fork,spoon,bottle,wine glass,bottle,knife,bowl,bowl,bottle,cup,bowl,bottle,cup,bowl,bowl,cup,knife,cup,bottle,fork,knife,bottle,bottle,wine glass,bottle,bottle,fork,cup,bowl,cup,bowl,bowl,knife,wine glass,cup,bottle,cup,knife,bottle,bottle,cup,bottle,cup,fork,knife,wine glass,knife,fork,bottle,bottle,cup,knife,bowl,bottle,cup,fork,wine glass,bowl,bowl,bottle,wine glass,cup,knife,bowl,cup,knife,cup,cup,wine glass,cup,bowl,bottle,spoon,knife,bowl,wine glass,cup,knife,spoon,bowl,wine glass,bowl,bottle,spoon,knife,bowl,bottle,wine glass,cup,bottle,cup,bottle,cup,cup,bottle,cup,knife,bowl,bottle,knife,cup,fork,bottle,wine glass,cup,wine glass,cup,bowl,bottle,bowl,cup,cup,bowl,wine glass,bottle,cup,knife,spoon,bowl,cup,bottle,cup,spoon,wine glass,bottle,wine glass,spoon,bowl,cup,bowl,bottle,knife,bowl,spoon,cup,cup,spoon,bottle,wine glass,fork,knife,spoon,bowl,knife,cup,fork,knife,spoon,cup,fork,knife,spoon,cup,fork,bottle,cup,fork,spoon,bowl,bowl,bowl,bowl,bottle,wine glass,cup,spoon,fork,fork,spoon,bowl,bottle,knife,cup,knife,bowl,bottle,spoon,cup,bowl,knife,bottle,bottle,bowl,bowl,cup,fork,cup,bowl,bottle,cup,fork,spoon,cup,bottle,bottle,bowl,bottle,fork,bowl,spoon,bowl,cup,bowl,cup,wine glass,bowl,bottle,bottle,fork,cup,bottle,fork,spoon,cup,fork,knife,cup,cup,bottle,bottle,bowl,wine glass,cup,cup,spoon,bowl,cup,bowl,bottle,bottle,cup,fork,knife,wine glass,bowl,bowl,bottle,cup,spoon,bottle,wine glass,bowl,bowl,bottle,cup,fork,cup,spoon,bottle,cup,fork,spoon,cup,bottle,knife,bowl,cup,spoon,bowl,cup,wine glass,cup,spoon,bottle,bottle,cup,bottle,bowl,spoon,cup,cup,bowl,bottle,bottle,bowl,wine glass,bottle,cup,spoon,bowl,fork,bottle,bottle,wine glass,wine glass,bottle,bottle,cup,spoon,bowl,cup,bottle,cup,cup,spoon,bottle,wine glass,cup,knife,bowl,bottle,cup,fork,knife,bowl,cup,bowl,cup,bottle,spoon,spoon,bowl,spoon,bowl,spoon,fork,knife,wine glass,fork,bowl,cup,cup,bottle,cup,knife,bottle,bottle,bottle,bottle,cup,spoon,bowl,bowl,fork,bowl,cup,bottle,bottle,cup,cup,fork,knife,bowl,cup,bottle,bottle,bowl,bottle,spoon,bowl,bowl,cup,knife,bowl,cup,spoon,cup,bottle,bottle,bottle,bottle,bottle,cup,bowl,bowl,bottle,cup,bottle,bowl,cup,spoon,bottle,bottle,cup,cup,bowl,fork,knife,cup,spoon,knife,cup,cup,spoon,bowl,bottle,bowl,spoon,knife,spoon,wine glass,cup,spoon,bowl,bottle,bottle,cup,bowl,bowl,bowl,fork,knife,spoon,bottle,bottle,bottle,bottle,bottle,cup,bowl,cup,spoon,bowl,cup,bowl,bottle,cup,knife,bowl,bowl,knife,bowl,cup,bowl,wine glass,bottle,bowl,bottle,cup,wine glass,cup,wine glass,bowl,knife,spoon,bottle,bowl,wine glass,bowl,bowl,cup,bottle,bowl,bottle,fork,knife,bottle,fork,bowl,bottle,cup,bottle,bottle,cup,spoon,bowl,bottle,bottle,cup,bowl,bowl,cup,fork,knife,spoon,bowl,fork,knife,cup,bottle,spoon,bowl,
sports,skateboard,frisbee,baseball bat,baseball bat,baseball glove,baseball bat,baseball glove,snowboard,snowboard,surfboard,sports ball,sports ball,tennis racket,surfboard,baseball bat,sports ball,baseball glove,skateboard,baseball bat,kite,frisbee,baseball bat,baseball glove,snowboard,kite,baseball glove,baseball bat,tennis racket,skateboard,baseball glove,skis,baseball glove,skis,sports ball,baseball bat,baseball glove,kite,skateboard,sports ball,skis,sports ball,baseball bat,baseball glove,skateboard,snowboard,tennis racket,kite,skateboard,frisbee,frisbee,frisbee,surfboard,skateboard,sports ball,baseball glove,skateboard,snowboard,sports ball,kite,skis,snowboard,frisbee,kite,skis,tennis racket,skis,skateboard,frisbee,snowboard,sports ball,baseball glove,tennis racket,surfboard,skateboard,skis,tennis racket,sports ball,sports ball,baseball glove,baseball glove,baseball bat,tennis racket,sports ball,skateboard,surfboard,kite,skis,baseball bat,baseball glove,sports ball,baseball bat,baseball glove,baseball bat,skateboard,sports ball,tennis racket,skis,skateboard,skateboard,kite,surfboard,baseball bat,baseball glove,tennis racket,skateboard,skateboard,kite,tennis racket,surfboard,sports ball,surfboard,surfboard,baseball bat,baseball glove,kite,surfboard,tennis racket,surfboard,snowboard,tennis racket,baseball bat,sports ball,baseball bat,baseball glove,tennis racket,sports ball,surfboard,surfboard,snowboard,kite,sports ball,baseball bat,baseball glove,skis,tennis racket,sports ball,surfboard,kite,tennis racket,skateboard,skis,baseball bat,baseball glove,baseball bat,baseball glove,skateboard,sports ball,kite,surfboard,sports ball,tennis racket,snowboard,tennis racket,skateboard,snowboard,surfboard,baseball glove,kite,surfboard,kite,surfboard,sports ball,tennis racket,baseball bat,sports ball,kite,sports ball,sports ball,baseball glove,frisbee,baseball bat,sports ball,skateboard,tennis racket,kite,tennis racket,sports ball,baseball bat,baseball glove,skis,baseball glove,surfboard,frisbee,skis,sports ball,sports ball,tennis racket,baseball bat,baseball bat,baseball glove,surfboard,tennis racket,surfboard,tennis racket,sports ball,baseball glove,tennis racket,sports ball,surfboard,surfboard,kite,baseball bat,baseball glove,tennis racket,skateboard,skateboard,baseball bat,surfboard,sports ball,baseball glove,tennis racket,sports ball,kite,surfboard,baseball glove,baseball bat,skis,baseball bat,sports ball,baseball bat,skis,skis,sports ball,tennis racket,baseball bat,baseball glove,frisbee,surfboard,surfboard,surfboard,skateboard,surfboard,snowboard,surfboard,tennis racket,surfboard,surfboard,tennis racket,frisbee,baseball bat,sports ball,tennis racket,skis,skis,baseball bat,baseball glove,tennis racket,baseball bat,sports ball,tennis racket,skis,skateboard,sports ball,snowboard,snowboard,skis,skateboard,kite,skateboard,skis,surfboard,sports ball,tennis racket,skis,tennis racket,skateboard,tennis racket,kite,kite,skis,sports ball,baseball bat,frisbee,frisbee,skateboard,surfboard,frisbee,skateboard,frisbee,skateboard,surfboard,sports ball,skis,surfboard,sports ball,tennis racket,tennis racket,tennis racket,sports ball,sports ball,baseball glove,kite,skateboard,baseball bat,surfboard,baseball bat,sports ball,skis,snowboard,skis,tennis racket,skis,snowboard,skateboard,kite,skateboard,sports ball,baseball glove,baseball bat,baseball bat,baseball glove,baseball bat,baseball glove,baseball bat,tennis racket,sports ball,surfboard,surfboard,kite,surfboard,kite,kite,tennis racket,sports ball,tennis racket,baseball bat,baseball glove,kite,tennis racket,tennis racket,skis,skateboard,skateboard,surfboard,sports ball,baseball bat,baseball glove,skis,baseball glove,surfboard,skis,sports ball,baseball glove,snowboard,surfboard,sports ball,baseball bat,sports ball,tennis racket,sports ball,tennis racket,frisbee,sports ball,tennis racket,baseball bat,kite,surfboard,kite,tennis racket,frisbee,skis,skis,skateboard,sports ball,tennis racket,skateboard,surfboard,skateboard,skis,surfboard,skis,kite,sports ball,tennis racket,skateboard,sports ball,tennis racket,sports ball,kite,baseball bat,baseball glove,baseball bat,frisbee,sports ball,kite,skis,snowboard,tennis racket,sports ball,tennis racket,frisbee,frisbee,sports ball,baseball bat,kite,snowboard,skis,sports ball,frisbee,sports ball,sports ball,baseball glove,skateboard,sports ball,baseball bat,baseball glove,surfboard,frisbee,sports ball,tennis racket,surfboard,skateboard,skis,frisbee,baseball bat,kite,baseball bat,baseball glove,sports ball,surfboard,skateboard,baseball bat,sports ball,baseball glove,snowboard,frisbee,frisbee,kite,skis,skateboard,skis,skateboard,sports ball,tennis racket,kite,sports ball,skis,baseball bat,baseball glove,frisbee,skateboard,surfboard,sports ball,sports ball,tennis racket,sports ball,surfboard,surfboard,sports ball,tennis racket,sports ball,baseball bat,baseball glove,kite,skis,sports ball,tennis racket,skis,sports ball,baseball glove,surfboard,frisbee,tennis racket,sports ball,kite,kite,frisbee,baseball bat,baseball bat,baseball glove,baseball glove,skis,surfboard,kite,kite,frisbee,snowboard,skis,sports ball,skis,baseball glove,baseball bat,surfboard,baseball bat,baseball glove,snowboard,sports ball,tennis racket,tennis racket,sports ball,tennis racket,kite,skateboard,skateboard,surfboard,skateboard,snowboard,sports ball,baseball bat,baseball glove,frisbee,snowboard,
person,person,person,person,person,person,person,person,person,person,person,person,person,person,person,person,person,person,person,person,person,person,person,person,person,person,person,person,person,person,person,person,person,person,person,person,person,person,person,person,person,person,person,person,person,person,person,person,person,person,person,person,person,person,person,person,person,person,person,person,person,person,person,person,person,person,person,person,person,person,person,person,person,person,person,person,person,person,person,person,person,person,person,person,person,person,person,person,person,person,person,person,person,person,person,person,person,person,person,person,person,person,person,person,person,person,person,person,person,person,person,person,person,person,person,person,person,person,person,person,person,person,person,person,person,person,person,person,person,person,person,person,person,person,person,person,person,person,person,person,person,person,person,person,person,person,person,person,person,person,person,person,person,person,person,person,person,person,person,person,person,person,person,person,person,person,person,person,person,person,person,person,person,person,person,person,person,person,person,person,person,person,person,person,person,person,person,person,person,person,person,person,person,person,person,person,person,person,person,person,person,person,person,person,person,person,person,person,person,person,person,person,person,person,person,person,person,person,person,person,person,person,person,person,person,person,person,person,person,person,person,person,person,person,person,person,person,person,person,person,person,person,person,person,person,person,person,person,person,person,person,person,person,person,person,person,person,person,person,person,person,person,person,person,person,person,person,person,person,person,person,person,person,person,person,person,person,person,person,person,person,person,person,person,person,person,person,person,person,person,person,person,person,person,person,person,person,person,person,person,person,person,person,person,person,person,person,person,person,person,person,person,person,person,person,person,person,person,person,person,person,person,person,person,person,person,person,person,person,person,person,person,person,person,person,person,person,person,person,person,person,person,person,person,person,person,person,person,person,person,person,person,person,person,person,person,person,person,person,person,person,person,person,person,person,person,person,person,person,person,person,person,person,person,person,person,person,person,person,person,person,person,person,person,person,person,person,person,person,person,person,person,person,person,person,person,person,person,person,person,person,person,person,person,person,person,person,person,person,person,person,person,person,person,person,person,person,person,person,person,person,person,person,person,person,person,person,person,person,person,person,person,person,person,person,person,person,person,person,person,person,person,person,person,person,person,person,person,person,person,person,person,person,person,person,person,person,person,person,person,person,person,person,person,person,person,person,person,person,person,person,person,person,person,person,person,person,person,person,person,person,person,person,person,person,person,person,person,person,person,person,person,person,person,person,person,person,person,person,person,person,person,person,person,person,person,person,person,person,person,person,person,person,person,person,person,person,person,person,person,person,person,person,person,person,person,person,person,person,person,person,person,person,person,person,person,person,person,person,person,person,person,person,person,person,person,person,person,person,person,person,person,person,person,person,person,person,person,person,person,person,person,person,person,person,person,person,person,person,person,person,person,person,person,person,person,person,person,person,person,person,person,person,person,person,person,person,person,person,person,person,person,person,person,person,person,person,person,person,person,person,person,person,person,person,person,person,person,person,person,person,person,person,person,person,person,person,person,person,person,person,person,person,person,person,person,person,person,person,person,person,person,person,person,person,person,person,person,person,person,person,person,person,person,person,person,person,person,person,person,person,person,person,person,person,person,person,person,person,person,person,person,person,person,person,person,person,person,person,person,person,person,person,person,person,person,person,person,person,person,person,person,person,person,person,person,person,person,person,person,person,person,person,person,person,person,person,person,person,person,person,person,person,person,person,person,person,person,person,person,person,person,person,person,person,person,person,person,person,person,person,person,person,person,person,person,person,person,person,person,person,person,person,person,person,person,person,person,person,person,person,person,person,person,person,person,person,person,person,person,person,person,person,person,person,person,person,person,person,person,person,person,person,person,person,person,person,person,person,person,person,person,person,person,person,person,person,person,person,person,person,person,person,person,person,person,person,person,person,person,person,person,person,person,person,person,person,person,person,person,person,person,person,person,person,person,person,person,person,person,person,person,person,person,person,person,person,person,person,person,person,person,person,person,person,person,person,person,person,person,person,person,person,person,person,person,person,person,person,person,person,person,person,person,person,person,person,person,person,person,person,person,person,person,person,person,person,person,person,person,person,person,person,person,person,person,person,person,person,person,person,person,person,person,person,person,person,person,person,person,person,person,person,person,person,person,person,person,person,person,person,person,person,person,person,person,person,person,person,person,person,person,person,person,person,person,person,person,person,person,person,person,person,person,person,person,person,person,person,person,person,person,person,person,person,person,person,person,person,person,person,person,person,person,person,person,person,person,person,person,person,person,person,person,person,person,person,person,person,person,person,person,person,person,person,person,person,person,person,person,person,person,person,person,person,person,person,person,person,person,person,person,person,person,person,person,person,person,person,person,person,person,person,person,person,person,person,person,person,person,person,person,person,person,person,person,person,person,person,person,person,person,person,person,person,person,person,person,person,person,person,person,person,person,person,person,person,person,person,person,person,person,person,person,person,person,person,person,person,person,person,person,person,person,person,person,person,person,person,person,person,person,person,person,person,person,person,person,person,person,person,person,person,person,person,person,person,person,person,person,person,person,person,person,person,person,person,person,person,person,person,person,person,person,person,person,person,person,person,person,person,person,person,person,person,person,person,person,person,person,person,person,
animal,cat,giraffe,bird,dog,dog,horse,bird,giraffe,bird,bird,giraffe,dog,giraffe,cat,horse,cat,dog,bird,bear,cow,giraffe,cow,horse,cat,giraffe,zebra,elephant,dog,elephant,dog,giraffe,elephant,dog,dog,cat,bear,zebra,giraffe,bird,elephant,horse,dog,bird,cat,cow,horse,cat,elephant,dog,cat,sheep,cat,giraffe,elephant,zebra,bird,sheep,cat,dog,horse,zebra,zebra,bear,cow,horse,cat,cow,cat,cat,elephant,elephant,giraffe,horse,dog,cow,giraffe,giraffe,elephant,bird,zebra,elephant,horse,elephant,cat,zebra,dog,zebra,sheep,giraffe,dog,dog,dog,giraffe,horse,giraffe,cow,bird,giraffe,cat,bird,cat,elephant,giraffe,bird,sheep,horse,cow,horse,cat,bird,zebra,giraffe,giraffe,bear,sheep,sheep,cow,cat,cat,dog,horse,sheep,elephant,cow,cat,cat,elephant,elephant,giraffe,zebra,giraffe,cow,cow,horse,zebra,horse,sheep,giraffe,giraffe,giraffe,bird,bird,bird,horse,cow,bird,cow,dog,sheep,zebra,cat,cow,giraffe,bird,dog,bird,cow,horse,cow,cat,dog,bird,bird,sheep,elephant,cow,dog,cat,dog,dog,elephant,zebra,elephant,bird,cat,cat,dog,horse,zebra,bird,elephant,giraffe,sheep,zebra,giraffe,cow,cat,cow,bird,cow,elephant,dog,horse,zebra,bird,dog,elephant,dog,sheep,cow,dog,cat,cat,cow,cat,zebra,cow,horse,zebra,sheep,horse,cow,bird,bird,dog,sheep,dog,elephant,zebra,cat,bird,dog,bird,cat,bird,elephant,giraffe,horse,elephant,elephant,cat,cow,elephant,cow,elephant,cat,dog,horse,bird,dog,cow,giraffe,cat,giraffe,bird,zebra,zebra,zebra,giraffe,elephant,cow,cat,bird,cat,sheep,horse,dog,bird,cat,bird,bear,dog,bear,dog,dog,elephant,sheep,cow,elephant,cow,dog,zebra,horse,dog,bird,horse,cat,elephant,cow,giraffe,horse,bird,zebra,dog,horse,cat,cat,cat,zebra,bird,dog,horse,bird,sheep,sheep,cow,giraffe,bird,dog,zebra,dog,horse,bird,bird,dog,dog,cat,dog,horse,dog,dog,bird,cat,cat,elephant,cat,sheep,bird,giraffe,bear,dog,bear,bear,zebra,dog,sheep,sheep,horse,cow,sheep,cow,dog,bird,sheep,cat,horse,cow,giraffe,giraffe,bird,cow,zebra,dog,giraffe,giraffe,dog,dog,dog,bird,elephant,cow,bear,zebra,zebra,zebra,cat,cow,horse,cow,giraffe,giraffe,bear,elephant,giraffe,giraffe,zebra,dog,dog,horse,bird,zebra,elephant,dog,elephant,horse,sheep,zebra,dog,zebra,elephant,dog,horse,cow,bear,giraffe,sheep,bird,horse,zebra,dog,cow,giraffe,elephant,elephant,cat,cow,cat,giraffe,bear,bird,cat,giraffe,giraffe,giraffe,horse,bird,cat,elephant,bird,bird,cat,cat,bird,dog,cat,cow,dog,cat,bird,cat,dog,elephant,giraffe,cat,bird,bird,horse,dog,
vehicle,airplane,truck,car,truck,car,bicycle,car,car,bus,car,car,truck,train,car,car,motorcycle,truck,motorcycle,bicycle,bicycle,car,motorcycle,car,bus,airplane,train,bicycle,car,train,car,bus,truck,motorcycle,truck,train,boat,bicycle,airplane,car,bus,motorcycle,truck,car,car,truck,bicycle,car,bus,boat,bus,boat,boat,motorcycle,car,car,bus,truck,motorcycle,motorcycle,train,car,truck,airplane,car,car,boat,bicycle,train,motorcycle,car,truck,car,car,bus,car,airplane,bus,truck,car,bicycle,car,truck,car,truck,motorcycle,boat,bicycle,bus,airplane,car,bus,airplane,airplane,car,car,bus,truck,car,car,bus,train,motorcycle,truck,car,motorcycle,bicycle,car,car,truck,bicycle,car,motorcycle,motorcycle,airplane,airplane,truck,car,car,bicycle,motorcycle,car,car,boat,car,boat,bicycle,bus,boat,car,car,airplane,bus,truck,car,bus,car,motorcycle,truck,motorcycle,motorcycle,motorcycle,airplane,car,airplane,truck,airplane,truck,bus,car,car,train,airplane,car,bus,car,car,truck,train,train,truck,car,train,car,bus,truck,bus,car,car,bicycle,truck,bicycle,car,bus,car,bus,car,airplane,train,train,motorcycle,train,car,boat,bicycle,train,car,car,truck,bus,car,car,boat,car,bus,motorcycle,airplane,car,truck,truck,motorcycle,motorcycle,bus,truck,car,boat,car,boat,car,motorcycle,bicycle,motorcycle,truck,car,bus,car,motorcycle,bus,boat,boat,bus,bicycle,motorcycle,truck,bus,truck,airplane,train,motorcycle,truck,car,bicycle,motorcycle,train,boat,car,motorcycle,bus,truck,car,bus,bus,train,motorcycle,train,car,bicycle,boat,motorcycle,car,motorcycle,car,truck,car,boat,car,motorcycle,car,car,motorcycle,truck,bicycle,car,motorcycle,bicycle,car,car,boat,car,bicycle,airplane,car,truck,truck,car,bus,car,boat,car,bus,car,bus,boat,bicycle,boat,boat,car,airplane,truck,car,car,boat,car,motorcycle,boat,train,motorcycle,boat,train,truck,boat,car,car,train,car,boat,bicycle,boat,truck,boat,car,car,truck,car,car,bicycle,car,truck,train,motorcycle,airplane,car,train,car,boat,boat,car,bus,bicycle,car,airplane,truck,bus,boat,truck,car,boat,train,car,motorcycle,car,bus,airplane,truck,bus,car,truck,boat,boat,airplane,car,boat,motorcycle,motorcycle,car,bus,car,motorcycle,train,airplane,car,car,truck,car,truck,motorcycle,airplane,truck,car,bus,airplane,boat,truck,truck,bus,truck,motorcycle,truck,train,bus,car,train,airplane,boat,car,truck,airplane,train,car,truck,train,bus,train,train,boat,car,car,boat,car,train,train,airplane,boat,car,truck,car,car,car,truck,boat,train,airplane,car,truck,car,truck,motorcycle,bus,car,truck,train,airplane,bus,car,truck,car,bus,car,car,truck,car,bicycle,truck,train,bus,truck,airplane,motorcycle,car,airplane,motorcycle,car,bicycle,truck,car,bus,motorcycle,car,car,car,airplane,car,motorcycle,car,boat,bus,truck,car,truck,train,boat,car,bus,truck,car,bus,airplane,truck,motorcycle,bus,airplane,truck,car,car,bicycle,boat,airplane,truck,car,bicycle,car,bicycle,train,truck,train,car,car,boat,car,car,car,truck,car,car,motorcycle,truck,boat,car,car,truck,bus,bicycle,car,truck,train,airplane,train,car,truck,car,car,boat,bicycle,car,truck,bicycle,car,motorcycle,bus,car,truck,bus,truck,airplane,boat,car,car,boat,car,truck,boat,bicycle,bus,car,motorcycle,bicycle,motorcycle,airplane,car,motorcycle,car,bicycle,bicycle,motorcycle,car,train,car,truck,car,bicycle,car,car,car,car,boat,truck,bicycle,car,car,car,truck,motorcycle,boat,car,bus,train,car,bus,train,truck,car,truck,car,bicycle,motorcycle,car,bus,train,car,car,bus,bicycle,car,truck,car,bus,bicycle,car,train,bus,car,car,bicycle,car,motorcycle,car,truck,bicycle,car,bicycle,train,car,boat,truck,bicycle,truck,train,car,boat,truck,car,bicycle,boat,car,car,airplane,airplane,truck,boat,car,motorcycle,car,airplane,bus,train,boat,motorcycle,train,boat,boat,car,bus,car,boat,bus,train,car,train,boat,car,boat,truck,boat,car,train,car,motorcycle,truck,car,motorcycle,bicycle,truck,motorcycle,train,bicycle,motorcycle,motorcycle,motorcycle,motorcycle,car,truck,
accessory,backpack,handbag,tie,backpack,suitcase,backpack,handbag,handbag,tie,handbag,backpack,handbag,handbag,suitcase,umbrella,handbag,umbrella,handbag,backpack,umbrella,handbag,umbrella,tie,backpack,handbag,backpack,tie,tie,backpack,handbag,handbag,umbrella,backpack,umbrella,handbag,tie,backpack,tie,tie,backpack,handbag,handbag,tie,handbag,tie,backpack,handbag,handbag,umbrella,tie,handbag,suitcase,backpack,tie,handbag,suitcase,tie,tie,handbag,handbag,backpack,handbag,handbag,handbag,tie,handbag,backpack,backpack,handbag,tie,handbag,backpack,handbag,tie,handbag,backpack,tie,umbrella,handbag,backpack,backpack,handbag,backpack,backpack,umbrella,backpack,handbag,umbrella,handbag,backpack,umbrella,tie,handbag,backpack,suitcase,backpack,tie,umbrella,tie,tie,backpack,tie,backpack,tie,backpack,handbag,umbrella,handbag,backpack,tie,umbrella,handbag,umbrella,handbag,handbag,umbrella,umbrella,backpack,handbag,tie,handbag,backpack,tie,umbrella,handbag,backpack,suitcase,backpack,handbag,suitcase,tie,umbrella,tie,umbrella,backpack,backpack,handbag,handbag,handbag,backpack,handbag,suitcase,backpack,handbag,backpack,umbrella,umbrella,umbrella,handbag,tie,tie,umbrella,tie,tie,tie,tie,backpack,handbag,umbrella,suitcase,handbag,suitcase,handbag,handbag,handbag,umbrella,backpack,tie,suitcase,suitcase,handbag,umbrella,backpack,tie,handbag,umbrella,handbag,tie,handbag,umbrella,backpack,handbag,umbrella,handbag,umbrella,handbag,umbrella,backpack,handbag,backpack,umbrella,suitcase,umbrella,handbag,backpack,suitcase,backpack,handbag,backpack,tie,umbrella,handbag,backpack,handbag,handbag,backpack,umbrella,backpack,umbrella,umbrella,handbag,tie,umbrella,handbag,handbag,handbag,suitcase,umbrella,handbag,backpack,handbag,umbrella,backpack,umbrella,handbag,handbag,umbrella,handbag,backpack,handbag,handbag,handbag,handbag,backpack,backpack,umbrella,backpack,tie,handbag,handbag,handbag,handbag,backpack,suitcase,umbrella,umbrella,handbag,tie,umbrella,suitcase,handbag,umbrella,backpack,handbag,backpack,handbag,tie,handbag,umbrella,handbag,backpack,handbag,handbag,tie,umbrella,umbrella,handbag,handbag,backpack,suitcase,handbag,handbag,tie,tie,umbrella,handbag,handbag,backpack,tie,handbag,handbag,umbrella,backpack,suitcase,tie,backpack,handbag,backpack,handbag,umbrella,tie,handbag,backpack,handbag,tie,handbag,tie,backpack,tie,umbrella,umbrella,backpack,handbag,suitcase,tie,handbag,suitcase,umbrella,suitcase,umbrella,umbrella,backpack,umbrella,suitcase,tie,handbag,umbrella,handbag,backpack,handbag,suitcase,handbag,tie,umbrella,handbag,tie,handbag,suitcase,tie,umbrella,handbag,suitcase,handbag,umbrella,tie,tie,handbag,tie,tie,backpack,suitcase,tie,umbrella,suitcase,tie,tie,backpack,backpack,suitcase,umbrella,umbrella,backpack,tie,tie,handbag,backpack,handbag,
electronic,mouse,keyboard,tv,laptop,tv,tv,laptop,cell phone,tv,laptop,mouse,keyboard,laptop,mouse,cell phone,tv,cell phone,remote,remote,cell phone,laptop,laptop,cell phone,cell phone,remote,cell phone,tv,laptop,cell phone,laptop,mouse,remote,tv,remote,cell phone,tv,laptop,tv,remote,laptop,laptop,cell phone,laptop,mouse,cell phone,remote,mouse,cell phone,remote,cell phone,laptop,tv,cell phone,mouse,laptop,keyboard,mouse,tv,cell phone,tv,remote,cell phone,cell phone,mouse,keyboard,tv,laptop,remote,tv,cell phone,tv,cell phone,cell phone,tv,remote,cell phone,tv,remote,cell phone,tv,remote,laptop,tv,laptop,cell phone,tv,remote,tv,laptop,mouse,keyboard,cell phone,cell phone,laptop,tv,cell phone,tv,remote,tv,cell phone,laptop,mouse,keyboard,tv,cell phone,cell phone,tv,remote,tv,remote,cell phone,laptop,remote,cell phone,remote,keyboard,cell phone,laptop,tv,remote,remote,tv,cell phone,cell phone,remote,keyboard,cell phone,cell phone,laptop,mouse,keyboard,remote,tv,laptop,tv,mouse,keyboard,laptop,tv,laptop,remote,cell phone,laptop,tv,mouse,remote,remote,laptop,keyboard,mouse,cell phone,tv,remote,cell phone,cell phone,laptop,remote,cell phone,cell phone,laptop,cell phone,laptop,tv,tv,laptop,mouse,keyboard,tv,remote,tv,cell phone,laptop,laptop,remote,cell phone,tv,remote,cell phone,cell phone,tv,tv,remote,cell phone,tv,cell phone,remote,remote,laptop,tv,mouse,keyboard,cell phone,cell phone,tv,cell phone,laptop,tv,laptop,mouse,keyboard,cell phone,cell phone,laptop,tv,cell phone,laptop,tv,cell phone,laptop,mouse,remote,tv,mouse,keyboard,cell phone,laptop,tv,cell phone,laptop,tv,cell phone,laptop,keyboard,cell phone,cell phone,tv,remote,remote,tv,cell phone,cell phone,remote,remote,remote,remote,cell phone,keyboard,cell phone,keyboard,mouse,laptop,mouse,remote,tv,cell phone,laptop,keyboard,tv,laptop,tv,remote,remote,tv,cell phone,remote,cell phone,tv,keyboard,mouse,remote,remote,laptop,remote,tv,cell phone,cell phone,cell phone,mouse,keyboard,cell phone,tv,laptop,remote,cell phone,mouse,tv,tv,cell phone,cell phone,laptop,cell phone,cell phone,tv,tv,cell phone,cell phone,cell phone,cell phone,tv,cell phone,cell phone,laptop,laptop,tv,tv,laptop,keyboard,mouse,tv,tv,keyboard,mouse,cell phone,mouse,keyboard,remote,laptop,laptop,mouse,tv,cell phone,cell phone,remote,cell phone,tv,remote,cell phone,tv,mouse,keyboard,cell phone,cell phone,cell phone,cell phone,cell phone,cell phone,laptop,keyboard,remote,cell phone,cell phone,tv,laptop,mouse,cell phone,tv,cell phone,mouse,keyboard,laptop,keyboard,cell phone,laptop,mouse,remote,tv,cell phone,keyboard,tv,remote,tv,mouse,keyboard,cell phone,laptop,cell phone,laptop,cell phone,laptop,laptop,cell phone,cell phone,mouse,keyboard,tv,keyboard,cell phone,laptop,mouse,
furniture,dining table,bed,chair,chair,dining table,potted plant,chair,dining table,dining table,bed,potted plant,chair,dining table,chair,dining table,chair,dining table,bed,chair,dining table,chair,dining table,potted plant,couch,potted plant,toilet,chair,potted plant,chair,dining table,chair,dining table,chair,chair,dining table,potted plant,dining table,toilet,couch,chair,couch,dining table,chair,dining table,potted plant,toilet,bed,toilet,couch,toilet,couch,chair,dining table,bed,couch,chair,bed,dining table,dining table,dining table,chair,couch,dining table,couch,chair,potted plant,bed,chair,potted plant,chair,couch,chair,dining table,chair,dining table,bed,bed,chair,bed,potted plant,chair,toilet,dining table,chair,dining table,potted plant,chair,bed,dining table,couch,potted plant,chair,dining table,dining table,chair,bed,toilet,chair,dining table,couch,potted plant,chair,dining table,couch,chair,chair,dining table,chair,dining table,chair,dining table,bed,chair,toilet,couch,dining table,chair,bed,chair,potted plant,dining table,dining table,chair,couch,bed,dining table,bed,couch,chair,chair,chair,potted plant,toilet,toilet,chair,dining table,chair,chair,dining table,chair,dining table,dining table,bed,potted plant,chair,potted plant,dining table,chair,couch,chair,bed,dining table,chair,chair,dining table,chair,couch,toilet,dining table,dining table,potted plant,chair,couch,dining table,couch,chair,chair,couch,couch,couch,chair,chair,dining table,bed,couch,bed,dining table,chair,chair,dining table,chair,dining table,chair,chair,potted plant,dining table,toilet,dining table,potted plant,dining table,chair,potted plant,couch,chair,chair,toilet,dining table,dining table,chair,dining table,dining table,toilet,dining table,chair,chair,dining table,potted plant,couch,dining table,chair,dining table,toilet,chair,bed,dining table,bed,chair,dining table,dining table,bed,chair,toilet,potted plant,chair,toilet,couch,chair,chair,chair,couch,chair,chair,chair,bed,dining table,couch,chair,dining table,bed,chair,bed,dining table,chair,chair,couch,chair,couch,chair,dining table,couch,potted plant,dining table,potted plant,chair,couch,chair,dining table,chair,dining table,dining table,chair,potted plant,dining table,chair,dining table,chair,chair,toilet,potted plant,dining table,chair,bed,toilet,dining table,toilet,potted plant,dining table,chair,chair,dining table,chair,chair,dining table,couch,chair,dining table,dining table,chair,couch,potted plant,chair,dining table,chair,chair,dining table,chair,couch,dining table,potted plant,toilet,chair,dining table,couch,bed,chair,chair,potted plant,couch,dining table,couch,potted plant,toilet,dining table,potted plant,chair,chair,chair,dining table,potted plant,couch,dining table,dining table,chair,chair,chair,dining table,bed,chair,chair,toilet,toilet,dining table,dining table,couch,couch,dining table,bed,dining table,dining table,potted plant,chair,chair,potted plant,chair,dining table,dining table,dining table,dining table,toilet,bed,chair,chair,dining table,dining table,toilet,dining table,dining table,chair,dining table,dining table,chair,dining table,chair,chair,potted plant,dining table,chair,couch,dining table,dining table,chair,dining table,toilet,dining table,dining table,chair,couch,chair,dining table,bed,couch,bed,dining table,potted plant,chair,couch,dining table,toilet,dining table,bed,chair,dining table,toilet,bed,toilet,chair,potted plant,toilet,potted plant,toilet,dining table,dining table,chair,couch,chair,dining table,bed,dining table,chair,chair,toilet,chair,couch,dining table,chair,dining table,potted plant,couch,dining table,chair,dining table,potted plant,dining table,toilet,dining table,chair,dining table,toilet,chair,couch,dining table,chair,chair,dining table,chair,potted plant,chair,couch,dining table,chair,bed,dining table,chair,chair,dining table,dining table,dining table,dining table,bed,dining table,toilet,couch,bed,toilet,chair,dining table,couch,chair,toilet,potted plant,potted plant,couch,chair,toilet,dining table,chair,potted plant,potted plant,chair,couch,chair,dining table,toilet,couch,chair,dining table,chair,dining table,chair,dining table,toilet,toilet,chair,couch,dining table,chair,chair,potted plant,dining table,potted plant,potted plant,chair,dining table,chair,dining table,couch,bed,dining table,dining table,dining table,potted plant,couch,chair,dining table,bed,chair,dining table,chair,dining table,potted plant,couch,chair,toilet,dining table,bed,chair,dining table,chair,dining table,toilet,chair,dining table,dining table,dining table,bed,bed,chair,potted plant,chair,dining table,chair,chair,couch,dining table,chair,chair,dining table,chair,bed,toilet,chair,dining table,dining table,bed,dining table,chair,dining table,toilet,potted plant,bed,potted plant,chair,dining table,couch,dining table,potted plant,bed,chair,dining table,chair,chair,dining table,chair,chair,dining table,chair,bed,bed,chair,dining table,potted plant,dining table,chair,bed,dining table,bed,chair,dining table,potted plant,bed,couch,chair,potted plant,dining table,couch,potted plant,chair,dining table,couch,chair,potted plant,bed,couch,potted plant,dining table,potted plant,chair,dining table,chair,potted plant,toilet,chair,chair,potted plant,chair,dining table,toilet,potted plant,dining table,chair,dining table,dining table,chair,dining table,chair,toilet,chair,dining table,chair,couch,chair,couch,dining table,potted plant,chair,potted plant,dining table,chair,dining table,potted plant,toilet,bed,couch,toilet,toilet,toilet,toilet,toilet,dining table,toilet,chair,dining table,toilet,couch,chair,dining table,
